temperature,humidity,light,motion,label
29.192741800248157,51.90369504614945,68,1,normal
25.02930697528156,65.23483036795713,675,0,normal
21.477017434965216,53.611797700592305,183,0,normal
29.15251186953103,42.98343319601081,581,1,normal
23.281829924875215,55.29057151678121,667,0,normal
19.691090699697153,36.2096098372285,505,1,normal
25.440873071142164,54.43923955403967,178,1,normal
25.380086720390036,64.94708456745354,169,1,normal
19.840216837392962,57.69744605297478,499,1,normal
28.423189538273522,49.19755338868494,672,1,normal
29.879522788679342,45.952911235876016,146,0,normal
27.040538223107298,31.301047179650077,647,0,normal
21.868246139696677,53.206894769093296,603,1,normal
24.385361823183786,56.67457030184417,494,1,normal
19.929696617009984,49.576998545725615,232,0,normal
28.226178003822483,53.14701634289574,759,0,normal
27.871206727915897,54.309471795154366,457,0,normal
27.626363769048474,37.27712521981084,792,1,normal
19.002008600384023,54.66601258082952,651,1,normal
18.676505959811124,56.34831102003504,450,1,normal
18.620180654023294,32.313707062535855,415,1,normal
24.037635102961055,58.334519068601395,571,0,normal
18.18547939834641,65.43910992944748,673,1,normal
25.795594788566575,66.61953190352168,699,0,normal
19.00928167337997,56.066673015035406,273,1,normal
24.39140719746028,42.31719766364763,227,0,normal
22.717172696001125,63.78197594140281,742,1,normal
24.66518046723153,69.85335664226967,448,1,normal
24.48762145932128,65.35143539853703,700,1,normal
21.46356663888307,54.779613840384584,653,0,normal
27.774896642776586,54.41335133243673,259,0,normal
28.03176144614647,53.71759739366813,401,0,normal
20.261775100937363,96.1003188027904,11,0,anomaly
18.981108383386463,32.28347424357259,197,0,normal
26.669425383138062,57.85155103512559,444,1,normal
20.512191880040525,50.289392347535696,362,0,normal
24.64625141281585,69.46650373068586,251,1,normal
28.794894879294823,49.34182586879699,569,1,normal
26.711468146442872,66.69254301848972,677,0,normal
25.29053822281726,38.98419291759928,711,0,normal
43.63400766857002,93.67603761373904,22,0,anomaly
22.301588742531273,31.08383970013934,798,1,normal
26.436227506742135,66.57195226241996,531,0,normal
18.060739006154623,39.986720354367435,559,0,normal
21.616534489969705,34.275076923789754,89,1,normal
24.195604179614342,45.84968075610635,440,1,normal
23.68753968315447,63.15533463530438,254,1,normal
23.550416593597774,30.197599237376384,630,0,normal
24.8386762184558,46.94953014595051,555,0,normal
28.521187641140994,33.82141255338673,620,0,normal
22.3963421195243,45.92674774363773,221,0,normal
24.018195536246395,47.110925349434496,249,0,normal
24.401533103715856,46.44113879226819,624,0,normal
18.56603441641309,30.293867773099077,923,0,anomaly
28.805016685959966,40.8858054891985,280,1,normal
19.834309670211983,31.92848155442224,115,1,normal
28.93112621392611,58.56347728529711,158,1,normal
21.94397454443899,57.21997208298852,157,1,normal
28.864207703472765,50.29870935043345,271,0,normal
18.962804947939706,65.14062245205392,637,0,normal
27.68928186196875,64.73871903591652,515,0,normal
19.71590018463403,65.76396814716537,564,0,normal
25.9823666483544,58.64602696892774,603,1,normal
16.337963383639856,40.61875356824188,983,0,anomaly
24.622882065293826,47.54461676758362,612,0,normal
27.094153325572428,49.835029403150834,666,1,normal
19.417977931459873,68.51968015435978,696,0,normal
23.98130638714869,57.329921131585834,92,0,normal
26.889223413050452,59.50329206355566,621,1,normal
26.30274237231232,69.50672031986588,623,1,normal
26.75527414005677,56.10984431407499,715,1,normal
28.72671099661149,63.59445211466881,158,1,normal
22.28103992032307,47.63050987752912,198,1,normal
28.386085510727764,47.42333259251732,292,1,normal
21.322531777766443,34.88439656040107,475,1,normal
24.54740147179122,59.74033025166431,735,1,normal
24.51235299789898,52.38561325232872,455,1,normal
28.813896125891866,50.70846573538846,565,0,normal
25.53069696100876,30.390833896767347,168,1,normal
26.364188891943215,39.55108583073209,609,1,normal
15.557561061606382,39.85729168894893,989,0,anomaly
28.680064101810796,61.453800576622086,465,0,normal
29.661384992651527,53.06065902057014,586,1,normal
22.240226736312636,38.0060097697924,585,0,normal
24.27279395258393,41.725909210440534,150,0,normal
19.54991298181794,31.226100088232243,186,0,normal
20.218253466306326,53.81540069280175,705,0,normal
-1.3976608119957215,34.07714183268662,430,0,anomaly
35.06088748239839,82.89426219982617,19,1,anomaly
24.974858657071348,48.5397617520229,430,0,normal
19.40480419713127,46.37336025260172,310,0,normal
19.043043457049084,49.8869905603371,730,0,normal
15.290459760401749,38.272853498372704,1087,0,anomaly
25.490855950967905,55.326055023760894,662,0,normal
29.38662644704,37.05547946024893,502,1,normal
20.0462894842475,48.09758064530774,491,1,normal
22.709341289071624,37.24597398138721,435,1,normal
23.6900859490479,49.22346309306592,198,0,normal
23.4990346858982,43.40475417036568,484,1,normal
27.25524416023135,58.6388891538959,712,0,normal
20.05065104868079,51.77956391843398,440,0,normal
27.96743289345275,55.898988566184116,553,0,normal
29.847313551779333,33.26519928122358,162,1,normal
18.06626540548323,55.75998172956063,787,1,normal
18.888535820809086,56.356957676406054,163,0,normal
26.971312562115013,52.692488785156144,535,1,normal
24.09132454421346,39.090785090526055,262,0,normal
21.044413620025818,94.25053623746683,2,0,anomaly
18.923758917945516,45.18769632669068,511,1,normal
20.908916788980964,32.92783695073774,128,1,normal
21.24998701514489,36.1558362535942,612,0,normal
18.366002999268595,67.70927096540503,670,1,normal
19.213472113473482,31.245363315380455,532,0,normal
20.23880428861567,64.83013801349037,484,1,normal
18.448178264990574,55.985865959694735,484,1,normal
19.16611792524922,55.1002185287348,66,1,normal
18.489301698657165,52.656185611875884,105,1,normal
18.87315607637032,64.57432999358548,522,1,normal
25.70903133847579,60.10866558230565,537,0,normal
23.587176217589523,54.53645556842831,554,0,normal
21.86494998699814,33.75602863157673,647,0,normal
25.60081025180071,56.269466581651685,463,0,normal
19.87193424403443,59.45776942498891,757,0,normal
25.174799745733022,38.205585619280285,676,0,normal
29.394247483891704,64.82999605090046,237,0,normal
26.359809886522708,33.42632998385722,525,1,normal
20.03391296023311,69.9173644213335,603,1,normal
20.69123171352672,31.577072454740236,454,1,normal
28.761460918872142,43.48012705725145,778,0,normal
25.823535114031205,67.76237358746454,780,1,normal
23.130492220302596,65.8534327408448,293,1,normal
22.018867375885034,65.36825853393631,698,0,normal
37.11112471166136,83.5690141982177,13,0,anomaly
28.265527008132086,64.04827656195076,239,0,normal
27.061647068083428,41.073111889402064,98,0,normal
29.834528933755234,58.25902905947605,208,1,normal
21.731787860587946,61.996643414927576,751,1,normal
18.24701393154963,69.39364795849337,588,0,normal
27.233915198303244,45.54232405081383,263,0,normal
25.742073484913398,31.247325402451388,378,1,normal
28.27787809425987,63.48053313454688,322,0,normal
28.710707981879732,60.54423176639043,627,1,normal
21.533386704835028,64.98806690736798,485,1,normal
36.00941199977522,85.0571922377952,45,1,anomaly
18.557404952639974,48.08871763559229,313,1,normal
18.440198434687176,55.56479751262002,648,1,normal
18.345392115760067,46.86883707493821,398,1,normal
18.976185367702797,37.42102062812484,351,1,normal
22.78205681276848,40.68113080677685,209,1,normal
25.479577521930693,56.87570974394914,390,0,normal
28.645037091181408,68.0094941528321,623,0,normal
24.905690134510547,31.169891321382366,774,0,normal
29.337188758589136,56.01302745387748,608,1,normal
-1.8241320473888334,36.8542380432111,174,1,anomaly
16.838929938780765,32.487367980010205,1021,0,anomaly
18.542624041274273,48.092731380732005,734,0,normal
27.46316653469437,66.00092493592044,582,0,normal
27.753594807090032,60.440959637719956,62,0,normal
24.681154716167157,44.65846139485592,203,0,normal
22.297952616394085,47.01973337792302,187,0,normal
21.405310869584692,57.58107004126245,543,0,normal
27.26782070082767,31.6043676564993,303,1,normal
18.910359937303966,60.93892502746402,269,1,normal
18.490423395197745,58.27108867541783,745,0,normal
28.394113749299223,67.02274051627106,691,1,normal
27.23992263718333,38.819448362807016,694,0,normal
20.904663258138005,45.3255411299799,303,1,normal
24.65224863013681,33.479470396456406,378,0,normal
25.636924935165364,31.061288154952788,610,0,normal
25.719458621308238,35.154794698937806,337,1,normal
18.172721863557072,33.24184863630592,218,0,normal
28.529664162324636,67.2811242204007,785,0,normal
22.05594188221843,33.57644009249038,498,0,normal
26.78392730173686,53.05153440667253,402,1,normal
24.031645117262308,53.85079513928212,213,1,normal
23.623927703929517,49.66378186965748,486,1,normal
20.8469890499616,67.00993269662663,791,0,normal
24.584805472399033,38.84837767278409,435,1,normal
22.356987556783622,57.06053543108986,247,1,normal
29.154349730973912,30.302514999125684,356,0,normal
24.07066414661359,35.135771578165006,506,0,normal
20.743713666041554,64.73090021633521,554,0,normal
21.002914777975143,35.18059685131217,672,0,normal
22.502005728551005,97.65313201007906,6,0,anomaly
23.509629074859134,36.54095490340091,597,0,normal
20.47600462086951,63.76681795876789,739,0,normal
28.90140673600354,35.45759010226932,695,0,normal
21.371558275106764,44.02507724836723,575,1,normal
19.095440121433604,69.88498000630844,745,1,normal
19.390428714301557,38.87888647731798,627,0,normal
18.617745014999873,64.95560310250062,592,1,normal
27.0073770196903,42.03854267787265,284,1,normal
23.83783814258959,95.4697691002745,11,0,anomaly
25.340648954812227,46.338128522827944,512,1,normal
18.27926322882991,34.279225553078334,351,0,normal
26.927355510872125,40.99224142192544,309,0,normal
20.07842243892018,57.12064610236254,423,0,normal
21.84059521236734,49.54572761618663,327,1,normal
22.051382056843536,51.02760729210743,532,1,normal
19.018052569022302,64.74492671822443,280,0,normal
29.599857828524037,30.97603126226152,276,0,normal
22.570690279572258,36.381787204527534,195,1,normal
29.062490820277404,37.62750882654666,153,1,normal
19.378041896870442,54.13794373525512,775,1,normal
18.240854373332716,68.79648184429081,376,1,normal
28.105427077628505,38.76855949432177,162,0,normal
18.941476576107192,38.97762287346643,491,1,normal
22.148351922047034,49.87067435436678,535,1,normal
25.27714871591508,62.26244591445799,504,1,normal
20.881747425338318,43.00760256898779,391,1,normal
21.343084068383504,36.7047686515327,645,0,normal
18.69070512019973,46.78909267704489,411,0,normal
23.03520074913348,44.90754068049256,610,0,normal
27.498948524710183,68.0345424900164,177,0,normal
22.664127476273784,61.02110466780042,370,0,normal
27.358506550291487,47.84023091831823,532,1,normal
19.530963633546765,67.23794782027912,659,1,normal
37.42231217824567,84.16620527655364,37,1,anomaly
22.210980150624945,69.35910591839313,178,1,normal
19.221389671444847,69.97654903082666,106,1,normal
28.3927666740049,62.69191079849975,481,0,normal
-2.5317613079809775,33.74038533006485,875,0,anomaly
22.163645680098522,91.90794649228792,3,0,anomaly
22.658039114478264,63.03267002259051,221,1,normal
19.524726151822616,39.22679246871034,713,0,normal
22.774267188548897,60.49140539106463,660,0,normal
18.402389216829352,62.90457274054714,151,1,normal
19.43513095125962,58.89067727422636,311,0,normal
24.78159820307051,33.176774759559464,637,0,normal
19.361682254887068,60.836488149832874,658,1,normal
24.70085099682966,49.260894060502004,615,1,normal
27.59292478690851,34.47678477590912,721,0,normal
18.217322205850085,58.97355268514964,777,0,normal
20.851650527908795,36.65133475024318,712,0,normal
29.842643239206208,67.84461848534531,509,0,normal
20.257453916685137,57.578598765490625,104,1,normal
20.665293725648763,63.39720947197196,430,0,normal
21.105359779200203,35.946509110124516,61,0,normal
19.024169579925214,44.005010366669204,281,1,normal
27.26693723155989,44.93237265119012,599,0,normal
27.138127580609666,39.198184235643446,498,0,normal
27.31695552890396,54.83662071069908,262,1,normal
25.621123810411724,61.89704086427712,337,1,normal
18.93281564357982,34.18271361337601,719,0,normal
20.125328152884588,42.61161351322441,678,0,normal
21.878435184249064,40.89229306077476,702,1,normal
21.97077629823179,30.788421510174565,498,0,normal
28.023629947070855,44.226908658597964,431,1,normal
19.0834772406529,41.547749470827995,691,0,normal
25.108974826344507,59.500049924389934,165,0,normal
27.325762991129242,61.86149163904705,363,1,normal
25.597217487279217,53.609226674763484,739,0,normal
29.18541938980335,40.96642666239224,180,1,normal
23.52934521639271,48.98523502999255,245,1,normal
29.631630427429187,35.69982171606053,87,1,normal
24.22548746092039,30.73562706189867,166,0,normal
19.612976123267693,43.64991310504625,303,1,normal
24.59434658788483,55.54103790656342,235,1,normal
29.549367539305337,40.96220882748824,128,0,normal
20.717949302375256,38.59761514363027,198,0,normal
18.697003346018395,67.37468059076059,610,0,normal
28.51984323190014,49.466757656988115,596,1,normal
24.167873869917727,68.85580376166558,362,1,normal
27.785537141458008,46.34936684392386,558,0,normal
19.822832322147534,48.151581655345566,319,0,normal
23.6589142626019,68.22094783819739,227,0,normal
2.4090405615207144,29.876280809138574,522,0,anomaly
18.442643368254394,30.439833146339218,657,1,normal
20.342915853576535,33.078128065168364,749,1,normal
25.891354707604123,57.8968106898736,472,1,normal
18.552031704261033,57.33035054638384,427,1,normal
25.90432357942734,57.898858466771344,451,1,normal
19.438384408004193,69.37608722814208,485,1,normal
28.74248205224639,50.62384114317001,420,0,normal
23.45449277721328,52.385947339476566,322,0,normal
26.348984267815407,58.098598821764156,69,1,normal
23.94212292133524,56.541494880668424,719,0,normal
22.97783402805198,37.28471662754797,167,0,normal
20.74557798589947,40.376937337251704,719,1,normal
25.547314161358607,55.304875725357924,285,0,normal
19.061910024623035,31.461986713923796,679,0,normal
26.17803266668715,60.59533046168513,485,0,normal
-1.8372985027069322,27.752976109112943,784,1,anomaly
28.876252621136832,35.00743168810202,258,1,normal
23.47283981060443,51.49582411751692,663,1,normal
22.90743533297124,33.65947349591019,369,0,normal
27.567544389354644,38.669592003631024,715,1,normal
22.089642483036215,31.829681352500515,512,1,normal
27.301593880333375,59.99841881596711,286,1,normal
20.34949361747156,30.255434868673344,680,1,normal
25.69377159462357,51.8678965085628,525,1,normal
26.058878347113595,44.84155051938411,668,0,normal
28.528476863135467,46.854280091082806,179,0,normal
28.30095302211614,68.93955876709587,332,0,normal
19.53655006749327,68.79284180314178,269,0,normal
29.366982928606305,55.048812865256615,442,0,normal
19.094473236584285,47.29339204170408,160,0,normal
23.18334022370539,32.19046555288125,107,1,normal
29.050468806381758,67.46422769179846,704,0,normal
26.95253855118508,42.41447835694295,119,0,normal
18.762700203432285,34.164343279382955,229,0,normal
21.25618838128675,48.13155338992111,682,0,normal
22.445665233496584,31.662914362015684,214,1,normal
18.431307285560905,48.69606044999479,249,1,normal
21.359206763351313,62.38064298899512,272,0,normal
21.0989326595875,53.7180340573971,713,1,normal
23.564380859279787,62.02346796436331,549,0,normal
29.096323419342752,34.263930125350875,309,1,normal
27.01045281349797,59.98607326971699,656,0,normal
29.996612079433568,58.768071130890554,709,1,normal
22.4125896367132,68.84232980661471,262,1,normal
20.68315006223343,54.00082192477215,430,0,normal
20.124125811320962,31.466857077341718,299,0,normal
22.491249549073444,60.83687378576208,115,1,normal
22.633231653609293,62.718680964762484,171,1,normal
23.467881033428554,45.87693104806384,790,1,normal
23.624317917539642,43.47583167084427,352,0,normal
26.29125285722959,53.803117228010194,239,1,normal
19.764881771148456,47.81221020010662,618,0,normal
22.10498098459089,54.954372987062925,296,0,normal
24.4292962088971,45.571824561679065,394,0,normal
29.563439725071035,64.80395495603719,794,0,normal
24.24369241084552,69.50598254944231,674,0,normal
19.40277648850037,68.05613368826627,309,1,normal
26.482288126171404,31.015454226413794,703,0,normal
27.697444554773003,46.37646608764962,575,0,normal
22.498446954284447,32.89787551178235,747,1,normal
22.51511502637099,66.83391391262748,283,1,normal
28.890797687113114,46.85698202369991,643,1,normal
25.600845078125083,52.08188723407921,122,0,normal
19.392871686082994,38.80732807799245,266,1,normal
27.12942058340277,63.208794582679666,455,1,normal
20.179172601617108,69.51142080859549,483,0,normal
23.66657910194339,39.72688763997816,360,1,normal
36.4519651288466,84.07793339191726,24,1,anomaly
26.3273813336052,39.27788384463902,526,0,normal
25.03475798420157,69.65023974808753,413,1,normal
29.638972773775237,64.87134266368807,677,1,normal
21.280884863168474,61.58794028569916,210,1,normal
27.25160615945473,56.723405462825845,391,0,normal
29.638918225943932,63.555923457837366,209,0,normal
23.544069643729593,47.12798459702459,426,1,normal
28.911844824945383,68.4428126987782,104,1,normal
18.41266225338262,37.121438674790056,682,1,normal
20.97277187401389,40.39015135041305,431,0,normal
20.238222124798252,41.884868624927,302,0,normal
24.03264468110975,40.26251134805455,269,1,normal
22.517560402536596,51.05610643744453,399,0,normal
22.273160710774157,45.754576226166336,566,1,normal
25.269297832282646,34.26372121231963,71,0,normal
29.240759864840815,49.85464988804945,312,1,normal
2.486452341262,25.40786572769051,905,0,anomaly
22.179065604279604,39.501732996955106,690,1,normal
22.64082415560645,32.05703253937001,543,1,normal
21.945019323450097,40.3253373080451,667,0,normal
29.633645199304425,61.912545954345376,753,1,normal
19.66592607179292,39.44201853385856,681,1,normal
26.352357560099676,46.07723654436968,154,0,normal
23.249699064284748,66.36130082662564,792,0,normal
18.48874562782764,33.045234379612005,168,1,normal
27.75481210956093,52.214542037505254,309,1,normal
20.200854118241207,50.753522285042884,611,0,normal
25.18390181036444,54.26860185531424,119,1,normal
28.746278741954406,60.816296712311726,732,0,normal
29.23385728992937,60.68753155724508,674,1,normal
29.40074360460966,48.05548097318702,752,1,normal
25.418616759795132,38.52418816100333,153,0,normal
21.827707563525134,51.59941518863422,710,1,normal
19.12409721393711,66.97584781506121,62,1,normal
22.94209096976722,30.729303307054465,476,1,normal
29.407285763250673,36.544952847666764,679,1,normal
26.36084598436981,43.674886641547445,712,0,normal
29.45838336795833,56.20967922556087,697,0,normal
29.788543402903276,56.70373542254339,620,1,normal
26.496870933552547,34.52952183363021,477,0,normal
28.23611346560832,30.850776434015486,782,0,normal
21.50573578242262,43.33996686764577,776,1,normal
18.318135726499463,36.344204211722946,173,0,normal
24.81970324002566,41.89396029490203,114,0,normal
36.129316426860115,96.00238418053502,41,0,anomaly
19.971189575171916,42.45230796624014,153,1,normal
21.843535854323974,97.92141064129336,27,0,anomaly
20.909646043616757,58.18723050946587,678,1,normal
23.89939050140199,62.987238637005966,701,0,normal
27.122734318676237,62.51942954864374,650,0,normal
28.78265026232495,59.28899545638245,575,1,normal
18.291791597177447,58.99067086115046,357,1,normal
24.735326370833953,45.88734118473819,192,0,normal
18.13624373720903,38.02098906801347,467,0,normal
26.667030820716796,55.67886001773064,276,0,normal
23.40652962372112,32.887936359167036,124,1,normal
24.939361691954087,67.7892808916564,57,0,normal
21.09529953258187,59.12755024814413,601,0,normal
21.35974912392341,57.81868826759449,117,1,normal
21.02924333212825,64.71673178080088,779,1,normal
23.873433123330756,66.5764778369984,721,0,normal
26.748086016491847,36.24610389464762,530,1,normal
26.37794056823694,31.26344579302568,237,0,normal
28.376668515060636,49.92782865812556,247,0,normal
25.79956716933318,57.1858913077228,222,0,normal
18.89460772415725,64.47142484054069,210,0,normal
26.06040821287028,59.08676279065232,549,1,normal
24.35580694027208,39.856081329564276,270,1,normal
27.721360736150167,39.344310041996394,281,0,normal
23.368948401881454,31.198943594907117,210,0,normal
27.227848982166126,68.99172648587133,759,0,normal
21.36926834929027,43.59499855072265,752,1,normal
28.64655291091592,33.97765571037381,515,1,normal
20.174796793987923,67.37744107222056,525,0,normal
20.23884070663243,67.93813227848626,724,0,normal
23.125293463515078,30.898772332804697,338,0,normal
19.85235258329043,45.19143120716919,729,0,normal
25.08999912682813,39.26686805533774,434,0,normal
25.74566755088601,32.614253631957695,232,1,normal
22.49448142616835,58.28954537253594,122,1,normal
15.996076374470265,37.58188097343872,928,0,anomaly
23.298366016480525,45.90377591851177,705,0,normal
23.55215742803528,58.36185046889731,675,0,normal
29.169087907242776,64.86147224609505,485,1,normal
27.870446915078027,62.069123322791675,125,1,normal
27.81617719106992,40.74709437539784,213,1,normal
26.42360252709244,38.730155514602565,516,1,normal
24.84933965602694,56.355418809306286,626,1,normal
27.644064922789376,41.778630381676706,454,0,normal
28.704558662125358,42.76401892973023,387,0,normal
20.067838454419558,39.9485709035052,605,1,normal
29.5460705816945,30.464821596324025,150,0,normal
24.277174130041786,49.95552613805424,237,0,normal
24.136108786331253,69.50889558944127,775,1,normal
19.877244512053032,40.624001703548245,599,0,normal
29.760390903425723,45.64326146607043,774,0,normal
21.41808593252961,38.25685087042413,177,0,normal
27.674415357516736,48.08796113133741,715,1,normal
20.96817722091837,57.209129697251655,173,1,normal
19.529863947983788,59.47494979776728,402,1,normal
18.732935518258365,31.573741626740386,248,0,normal
18.832335610501985,41.48152532699651,88,1,normal
22.313893814637062,44.18488630563106,146,0,normal
20.30746822570405,54.68579946416121,277,0,normal
21.875477675294952,60.32953902816365,548,0,normal
23.93304365643098,67.74463680670395,185,0,normal
23.267657048467633,62.63332499962471,540,0,normal
28.5264064897573,34.8754437334779,317,1,normal
21.740532913072933,33.413986723145754,449,0,normal
25.510318988570837,64.6917680383921,572,1,normal
18.218661907818596,69.24744712109694,282,0,normal
18.760499645673214,45.20782475143428,93,0,normal
29.88064620125116,69.36333876797181,442,1,normal
22.19051489535193,33.66328293306537,534,0,normal
19.177401128710972,41.90263349811363,1018,0,anomaly
25.14766488729413,58.724923049059775,428,0,normal
27.066613662516584,43.67269406791504,265,0,normal
21.90396396915917,32.6283455771341,413,0,normal
20.951492740614096,69.0869673688527,147,1,normal
18.545356564097496,33.514659965793335,270,0,normal
18.37715022824081,38.31545020584109,288,0,normal
22.44770576480269,63.79132912467551,161,0,normal
23.911417127914433,68.7764928934115,457,0,normal
20.981869677773588,61.221020609754476,211,0,normal
19.451075013180873,36.746910935381855,1070,0,anomaly
24.433156396129444,67.4484898497476,109,0,normal
19.650251329751917,53.87371395667557,129,0,normal
26.71309600467194,69.7963129058574,448,0,normal
25.27409561341056,48.504918269572656,449,0,normal
20.351794349029742,48.88267780439997,566,0,normal
-4.531480914723969,37.8374428962147,916,1,anomaly
21.343757570839337,53.896524086812335,581,0,normal
20.735221950503302,47.00854017876934,302,0,normal
28.761185095517103,59.537968370053065,135,0,normal
27.799193273658926,57.24471415859931,436,1,normal
25.91980855241015,49.81965264824794,150,0,normal
26.010692862252327,47.235500946472236,631,0,normal
29.635015533174702,32.6830590955371,591,0,normal
23.68166124936679,43.91236831608772,537,1,normal
29.832012765874452,35.249795107295505,549,0,normal
24.110899434082118,91.22940813286056,27,0,anomaly
25.41753888549475,59.70826084799924,622,1,normal
26.57515107240075,68.22605992919014,269,0,normal
19.955213124977156,57.205630870412016,232,0,normal
25.000701537193446,57.80578216190375,260,1,normal
23.966982070708625,56.05681553407457,222,0,normal
18.145853696277797,57.7992754450617,69,1,normal
19.20933601652912,54.67707673502969,546,0,normal
25.443714616241575,53.69401314373449,123,0,normal
21.021387549904368,52.167120100631735,629,1,normal
27.05451448901619,35.20344960522528,512,0,normal
24.21995582836484,46.710671286693355,178,1,normal
24.590719976473444,65.54992319475909,417,1,normal
21.494749682376504,43.40788966583604,308,1,normal
24.14511669959137,59.30288388841001,148,1,normal
23.105237263397,44.9300716651736,793,1,normal
18.30420892098549,38.95270459290492,310,0,normal
29.88606170400808,32.69402405875087,583,0,normal
25.337450825215775,34.164385975366656,774,1,normal
27.98931168960506,34.98650724813067,198,1,normal
18.13005181776358,47.83610825506993,750,1,normal
28.864583717031163,40.945066651266636,402,0,normal
29.710224953550416,36.95580996877949,260,0,normal
18.84682496880516,54.74445512860737,714,1,normal
27.422111536716162,66.79422465651042,258,0,normal
26.56019503061463,48.18959422535436,354,0,normal
25.0907153182589,49.04201608796399,512,0,normal
28.195768688128936,37.981698037165806,127,0,normal
26.21079631814588,53.22353401112174,257,0,normal
20.0923971480599,40.490561771993,205,0,normal
29.139822751052705,54.63452752729218,643,1,normal
25.474685709828,61.18337894267013,326,1,normal
27.71849335025562,51.34410186907514,276,1,normal
21.518529260376773,33.295241824633706,79,0,normal
23.905395516954457,44.36933477599062,645,0,normal
28.404867822961243,31.683727585454477,333,0,normal
28.69371736437685,31.584753013934286,203,0,normal
29.069992574127546,65.76763498656473,326,1,normal
20.419527840572933,62.121035913306535,608,1,normal
29.827805449327208,46.75082099568293,92,1,normal
24.51173561649092,36.68135784368301,136,1,normal
19.805002693242336,32.41408335962255,232,0,normal
24.297077179586854,45.96010815480521,430,1,normal
28.328766999076123,51.66536858643468,144,0,normal
25.922368520612775,64.48510469061802,386,1,normal
24.681615149500203,44.028472618068406,446,0,normal
28.849904333924982,37.187324354809675,344,1,normal
-4.998653069955147,26.26695835170286,22,0,anomaly
19.11723321367079,61.976635158759166,173,0,normal
28.45752708225261,47.44506116541267,448,1,normal
29.959642044886863,39.13818965325195,96,0,normal
22.0927962126031,43.369755632678434,449,0,normal
24.376255578817776,68.76410520563246,277,0,normal
24.44527850182257,54.713889608048554,472,1,normal
21.929968226134974,47.750008772182845,642,0,normal
23.814275822292256,35.93372803848355,363,1,normal
25.690496937638574,32.93986989320051,449,0,normal
22.758513387855242,64.17540373478317,231,0,normal
27.726639969381996,59.263580870213275,232,0,normal
21.849066279935883,91.94166611258808,5,0,anomaly
25.950267412247783,46.58496494908095,706,1,normal
19.327580843462485,53.46433852701897,586,0,normal
27.139435383944612,31.8786386710022,109,1,normal
21.23091877139257,38.074138084917934,757,0,normal
18.199053947134274,67.47318957299032,132,0,normal
21.650906915514454,53.65101742979717,116,0,normal
23.018916435487426,65.7926662424211,753,1,normal
24.560523352119354,50.0878004132497,564,1,normal
3.393384923560024,39.28156832980216,928,0,anomaly
18.316403693967025,55.743107807860994,789,1,normal
22.305965809482032,46.541964061014056,503,0,normal
25.552783657623152,54.72622937272476,106,0,normal
19.127783278090426,65.16473230248658,150,1,normal
43.68944252279145,80.41851150325252,17,1,anomaly
20.927875720549004,48.96856866629855,542,0,normal
20.396085385900317,43.85383977463845,403,0,normal
19.92817647911467,46.27631842891482,193,1,normal
27.862320711484273,48.928396267662286,59,1,normal
29.297577705318304,36.43039584193233,162,1,normal
25.573663511967155,63.1566189660271,222,0,normal
19.172065368076606,44.49575596466532,360,1,normal
0.11129139237229779,35.778649435520144,724,0,anomaly
18.854263781522747,55.360228123984456,446,1,normal
29.558670473287336,41.66650314837213,181,0,normal
-2.238304421791005,28.67634839153059,234,0,anomaly
18.79795520840133,44.06490748958538,346,0,normal
22.426963674837268,68.60474785744182,131,0,normal
22.068357492584408,44.438955877601074,112,0,normal
27.528302271243554,38.48179359632907,65,1,normal
24.276785097229432,40.90496002934135,517,0,normal
27.765540236483382,51.65185341204282,260,1,normal
-4.373103783781342,27.546361079263857,100,1,anomaly
21.055687857165168,54.316203711737785,728,0,normal
2.069764874557162,38.19886287708784,12,0,anomaly
25.602356529130738,39.81396438725284,516,1,normal
19.44763045320721,56.552181104872204,582,0,normal
19.738738465094677,37.014851144937985,439,0,normal
19.54655666292779,35.23494642873399,212,1,normal
19.064430405084668,59.45608060262562,490,1,normal
22.52333315309889,51.006535346682405,332,1,normal
19.93465544704805,40.72254563291505,116,0,normal
29.676126657029346,64.48170603957254,262,1,normal
22.14800739988636,50.79095794224071,667,1,normal
24.102848293976432,53.32166243878768,727,1,normal
27.475417713534647,36.04231567123601,278,0,normal
27.02849435325216,40.930381079928374,330,0,normal
24.47210690298781,35.604527030658105,179,1,normal
28.737928205131787,65.92217157762855,397,0,normal
20.874742688003668,56.60146698185022,496,0,normal
27.9174895932929,42.94440876598165,510,1,normal
41.977562760734294,85.55778673034409,19,0,anomaly
25.96202122929667,63.96782606261277,694,0,normal
29.58032292799815,65.92122195799948,317,1,normal
26.94527369021196,52.82438986555319,226,0,normal
25.213380140918506,48.03357485616529,566,1,normal
20.24452498269028,47.94774490490123,704,0,normal
21.65536523008045,66.593836042724,352,1,normal
23.090664110963715,34.692327558495776,61,1,normal
21.803064061875332,61.951329430946615,70,1,normal
25.649158817978478,67.11009132780852,485,1,normal
19.344466826016628,62.31383767765034,699,0,normal
27.403836152893717,37.23907810837959,661,1,normal
18.471745678093185,38.23364840147073,448,1,normal
27.804864851391358,62.71336864700086,610,0,normal
19.681008182838287,60.73093655458073,474,0,normal
20.589852329962117,37.45753048577018,197,0,normal
25.582046546037592,57.74728903125954,72,1,normal
28.899190631599843,54.020674417346136,707,0,normal
24.294136674843056,46.165612866041315,393,1,normal
25.532496636857015,62.767554377071605,593,0,normal
24.241962013343922,64.68125984489794,679,1,normal
29.404937808918703,31.32812435165466,564,0,normal
24.032148278746337,66.0007456739242,702,0,normal
25.314772007758762,35.47542520275229,141,1,normal
20.21425223227653,42.64624419907002,191,1,normal
29.367400075341784,58.70391062632705,444,1,normal
19.286064136077314,35.586050190252514,474,1,normal
22.495351375517654,64.02326916376967,275,0,normal
25.000425181165916,48.20880596327205,260,1,normal
26.854763000349223,52.034294824365574,409,0,normal
27.806666402414592,57.536095857109444,408,0,normal
19.32062309433212,61.99421023789261,586,0,normal
26.89344779148071,34.05683313796866,213,1,normal
24.041007250258282,53.414174575870085,119,0,normal
21.610539717801235,63.18967214828807,61,1,normal
41.66854421014268,94.43261714529613,39,0,anomaly
28.765323119430924,35.472745236758456,752,0,normal
26.284737943552383,64.73085122053035,688,0,normal
27.549512033233214,67.99844735800902,630,1,normal
22.322287696935156,50.50754044066034,532,1,normal
19.23748642603119,60.3305278371609,456,0,normal
21.816041699662367,65.78208907576365,315,1,normal
28.528072240571774,33.00551126943235,664,1,normal
19.939544569135364,64.91783343505634,141,1,normal
26.474906725877954,68.72773711658887,454,0,normal
23.138209779807774,39.31837899014535,793,0,normal
23.381346263739836,38.83078451155042,462,0,normal
29.277985483361704,54.06447280585325,415,0,normal
24.128967630930788,40.31550741732809,385,1,normal
24.063028469374288,30.88494206115989,93,0,normal
21.421142024326166,61.29541936233094,686,1,normal
25.751006895979216,38.62700609590868,659,1,normal
22.767447486724407,64.51188310172914,245,0,normal
28.190680925930135,31.357839143431953,520,1,normal
24.512693320171152,45.63623983622058,314,1,normal
19.437145581831015,64.72569017510021,713,0,normal
26.64043843855289,54.28376144355123,750,0,normal
25.41905725836355,69.46520491835388,70,0,normal
22.186419198515942,37.83111942734185,758,1,normal
25.04209341625055,64.75619937914873,647,0,normal
21.38441487085568,57.51542889203253,647,0,normal
-4.9618007734141685,21.78579049051146,535,1,anomaly
26.70863410066032,62.59300454986049,363,1,normal
26.42980900784531,34.41896452525579,78,0,normal
39.782598841952236,80.63971438606359,33,1,anomaly
29.839674942014106,61.06387411166967,780,1,normal
25.003873342210465,36.69930329036279,211,0,normal
29.156371828110878,54.965956313965364,56,1,normal
24.92284661551631,39.200353491508125,514,0,normal
23.269618902842623,37.25753390782508,308,1,normal
22.371238332576905,62.22680611800213,568,0,normal
26.19608128099628,40.39214324256639,198,1,normal
23.910212325826365,34.822675431091156,546,0,normal
20.08048314353706,52.68065043946671,728,1,normal
20.079531840850148,65.09843450521521,187,0,normal
27.47005486328806,67.78456877896093,77,1,normal
21.831763651084977,47.04725208943891,564,0,normal
21.74066481354658,39.47482235897928,318,0,normal
29.28276289709949,64.87374110980929,463,0,normal
24.84073404107238,49.195024812156355,241,0,normal
26.96965125760508,68.07247141692956,180,0,normal
24.140129305387994,49.55386321027681,433,0,normal
22.50699543167933,46.70323103139714,136,0,normal
28.138503731633456,61.19381580604575,687,0,normal
26.82085252564663,34.10038911962717,252,1,normal
21.182428412180705,67.77065956453735,291,0,normal
43.42074437398579,90.4306285393912,23,1,anomaly
25.327440509299592,56.728511942200655,677,0,normal
18.51791894340691,61.194039555733994,276,1,normal
18.543648117264535,56.338073386337015,337,1,normal
19.951403272138695,64.83876494984342,713,0,normal
22.527409957255472,56.93729733299669,539,0,normal
22.082522159519396,92.65771329814649,20,0,anomaly
22.81021700116368,46.172750724171685,621,1,normal
27.149504228888286,56.70199597165882,784,0,normal
26.9791162846039,67.3550007011162,541,1,normal
28.101945321099265,40.27106270882032,646,0,normal
28.68632736887874,37.085991577895435,622,1,normal
19.491566681826537,39.739291863051974,635,0,normal
19.60818274140769,66.02807456045034,630,1,normal
42.10110056421706,87.90630713335075,31,1,anomaly
29.119051501937932,50.59269415718761,592,1,normal
21.902199864320963,37.141786482173345,456,1,normal
28.978372682645382,42.7501001172828,595,1,normal
26.738596183342317,59.52134465705482,516,1,normal
28.059944456533653,69.03461023276526,525,0,normal
27.700768177397535,46.757017980181914,336,1,normal
29.44861232710467,40.30731554044855,651,0,normal
26.130772342107388,56.546846614505924,506,0,normal
23.179914554756152,31.215482387873475,578,1,normal
27.543207742318682,42.29159859705146,616,1,normal
19.67126487196065,39.1231908779573,573,1,normal
40.77040664461911,87.62481446017453,41,0,anomaly
23.925547156372687,38.19937181663284,365,1,normal
18.174535988014583,55.26240880370082,631,0,normal
29.285503012234972,51.57965169501349,559,0,normal
28.34836450496094,39.88924297612708,413,0,normal
21.884150836850925,39.5017652349731,425,0,normal
19.41031496132526,40.75973617740391,636,0,normal
24.731255658424637,59.01030641660546,475,0,normal
20.78655234176181,68.5170750095032,178,0,normal
19.217658514392387,57.6910625807141,647,1,normal
22.4642170295134,43.83532227811827,590,0,normal
23.14792832850022,68.75511421142767,611,1,normal
29.260085481852453,32.41069561158243,557,0,normal
26.957896861416287,52.717809222105174,710,0,normal
19.872223685309237,46.96522685209544,474,0,normal
20.537376083958534,56.90408472900505,338,1,normal
19.820098556793013,44.136855172108724,719,1,normal
25.534804673890893,40.789984460679584,252,1,normal
19.36269110639555,43.83739970187852,99,1,normal
26.023718639093172,30.230346419924864,326,0,normal
18.305029520929143,30.52007694042944,539,0,normal
25.46504040273448,49.69111425792139,735,0,normal
22.67042014480996,57.33181506426021,470,0,normal
21.714331395435934,32.0788513460589,368,0,normal
24.24081625413373,69.87497007383789,697,0,normal
18.780619115823356,35.63428081519199,597,1,normal
25.704379753851455,37.405317153544786,568,0,normal
29.314916446950228,36.86717143393214,74,1,normal
24.17081326096334,43.878128075849105,520,0,normal
22.60669465647854,62.23970199100633,662,0,normal
27.537735642499783,31.480305388619705,721,0,normal
28.683165406690996,33.14313988620083,777,0,normal
27.773621791067228,60.44111610008112,409,1,normal
21.438495025539414,69.64674504547907,92,1,normal
26.07022147292446,56.18044857124541,416,1,normal
22.924761923875938,43.081326462529546,343,1,normal
22.951412122937118,53.28681840705093,515,0,normal
20.182561012789737,36.79031620350163,231,0,normal
29.692737691993997,55.457209981745464,643,0,normal
22.363555228551526,34.710043315605645,441,1,normal
27.94485010982315,50.9756107731032,335,0,normal
29.63854592049167,64.40489588756819,585,1,normal
26.149227829733874,63.52461158592441,403,0,normal
18.083425566374288,55.33912879304589,159,0,normal
-3.981076119339865,32.654237574972015,451,1,anomaly
25.129568584225623,39.88412936040586,530,1,normal
21.37121411624857,46.03052243501304,133,1,normal
20.181899606485207,64.79585448248514,761,0,normal
26.06562656887054,50.7567082113135,179,0,normal
19.464458818137345,30.523778263533345,495,1,normal
21.32857419577359,52.70163393046232,747,1,normal
21.3822572972808,51.65066314704441,287,1,normal
24.66240973919355,47.39309354414985,429,0,normal
21.90479637791121,37.223013805093345,640,0,normal
29.27398729877027,38.39622372382343,328,1,normal
26.443894312560282,49.80586108055897,419,0,normal
28.877665331574562,31.736501314192765,668,1,normal
26.77040970244373,67.08138179185227,57,0,normal
24.893677358158943,49.43487036745303,534,0,normal
24.266919120657654,37.061121280220334,66,0,normal
18.621882441869122,49.16727510518924,496,0,normal
22.621172743223102,51.157485361088476,471,0,normal
19.677268519515472,41.39491607847691,121,0,normal
25.790523625392762,61.90236402548753,784,0,normal
23.91150125149031,47.21223579597851,682,0,normal
17.57930951356164,38.08579494509738,964,0,anomaly
21.52310213117392,41.489559666163274,59,0,normal
19.009679579940585,51.67603789513433,204,0,normal
25.587669967122956,54.12608437865553,566,1,normal
22.841794394548764,64.93692952326643,351,1,normal
19.963871314388456,51.56645106701018,287,1,normal
28.8306348801548,30.98347665835206,137,1,normal
22.03925133832705,31.02568263225743,115,0,normal
18.885558776824787,39.6818006345011,454,1,normal
28.15742750081422,36.72056830979454,180,1,normal
20.9915067497865,65.706868443079,478,1,normal
25.079012242255597,35.262707405090396,309,1,normal
27.682016871207168,58.32688354581126,394,1,normal
29.408571676918996,36.10156171657045,697,1,normal
28.46548690732982,53.13547668025636,275,0,normal
20.555569938106927,38.42648756022666,310,0,normal
28.357241110507122,39.24299186352286,410,0,normal
18.110364619399554,56.35133466842869,790,0,normal
29.587584396894712,49.93471090957919,526,0,normal
19.799009128185286,33.82858222080647,431,1,normal
29.39759895950309,43.57800770171224,591,1,normal
28.652450193099597,40.9686080939468,633,0,normal
19.334369787673815,57.422611489158854,63,1,normal
29.53428676588697,63.28536711830968,593,0,normal
26.55893744667594,64.22785872425143,468,1,normal
19.17400992781202,53.6963113863807,725,1,normal
22.207050705679166,59.32452089661124,651,1,normal
25.390201176626597,65.14519945420632,400,0,normal
20.7510167427917,30.945543441853456,694,0,normal
29.44714292403105,61.628926593558546,757,1,normal
20.548069328139313,66.83367530469489,279,1,normal
26.351690473124375,53.203448313512446,569,0,normal
20.027220756865976,36.68167631603799,668,1,normal
20.129274525356674,32.713482364206875,711,0,normal
28.958886630677654,30.714957389336554,764,1,normal
21.84936077966083,58.76183620736982,739,1,normal
16.437047982327897,30.38655261835202,1052,0,anomaly
25.123109442648584,57.70503808904658,622,1,normal
25.011771743077205,43.058452329759675,632,0,normal
22.28849802579647,95.91618133953116,17,0,anomaly
26.21677407064655,58.36242077803666,455,1,normal
22.441904403065333,55.03565505748036,613,1,normal
22.70692854119679,58.63299858728354,687,0,normal
19.636457707041238,54.91866334253931,405,0,normal
24.859352273638798,45.846907664370214,432,0,normal
20.90222749080542,62.764092706967986,469,1,normal
21.021588706883435,53.77905340744692,421,0,normal
23.77368122225781,64.53334598287302,107,1,normal
29.915577553431604,34.197207136726995,518,0,normal
21.094833924539277,34.808362214824335,81,0,normal
25.360982351229477,33.204593855387,166,1,normal
18.542727466926458,52.59364533050466,297,0,normal
24.332413309035598,49.220277890313156,791,1,normal
26.44895721719068,66.49453382466764,753,0,normal
24.52263433336786,52.00906168625047,737,1,normal
28.213640058202284,67.56270794051585,603,1,normal
19.673926327824503,30.185280920184113,179,0,normal
29.5517809761351,51.47897691573654,399,0,normal
19.425814995216864,53.27885607657595,69,0,normal
22.41339759263104,33.31194671700506,336,1,normal
27.579542147601302,45.373065886387266,128,1,normal
28.76658909543992,57.78785883417707,471,0,normal
27.641771164618184,67.48913948945804,305,0,normal
41.81748644090161,91.0818923566662,29,0,anomaly
24.88125465747943,61.79238194999718,68,1,normal
25.44159117361844,35.30863016172241,385,1,normal
23.206219790855677,52.62927855983165,742,0,normal
27.855087656064153,48.07070714948917,689,0,normal
27.542234337224443,57.84082472215169,589,0,normal
29.838182985515758,56.04931908165968,563,0,normal
23.00893203778535,35.57424296291296,287,0,normal
20.846721500831933,56.313812184121446,161,0,normal
19.294697123919654,33.42034123417872,61,1,normal
19.13331552907114,55.272541080666734,579,0,normal
25.650689656262557,39.52731124186906,245,1,normal
18.67563930818205,32.568357483005364,426,1,normal
22.271672143815138,58.936804547543396,639,1,normal
26.546150656170433,58.22300690062754,295,1,normal
21.428545035382328,45.69974225626739,181,1,normal
28.753095599081917,49.497247929980546,255,0,normal
28.482943489281325,51.24678112004128,521,0,normal
25.34223473666855,62.114137943920454,391,0,normal
24.391073190619032,50.76327140544872,75,0,normal
20.38458817841007,40.829786925742155,549,0,normal
22.924595076427558,62.69774246953764,207,1,normal
27.712333865742163,41.8523248182396,291,0,normal
26.41162957750944,44.74105374895045,540,0,normal
21.77227177291592,37.257417403591894,91,1,normal
