Time_ms,RMS,Variance,Temp_C,Wear_pct,RUL_pct,Status,Alarm
3000,0.11,0.012,25.0,2.1,97.9,NORMAL,NORMAL
6000,0.10,0.009,25.0,1.9,98.1,NORMAL,NORMAL
9000,0.12,0.014,25.1,2.3,97.7,NORMAL,NORMAL
12000,0.11,0.011,25.1,2.1,97.9,NORMAL,NORMAL
15000,0.10,0.010,25.2,2.0,98.0,NORMAL,NORMAL
18000,0.14,0.016,25.3,2.6,97.4,NORMAL,NORMAL
21000,0.12,0.012,25.4,2.2,97.8,NORMAL,NORMAL
24000,0.15,0.018,25.5,2.7,97.3,NORMAL,NORMAL
27000,1.45,0.120,48.2,18.5,81.5,NORMAL,NORMAL
30000,2.65,0.340,65.8,38.2,61.8,WARNING,NORMAL
33000,2.85,0.410,67.2,42.0,58.0,WARNING,NORMAL
36000,3.10,0.480,69.0,46.5,53.5,WARNING,NORMAL
39000,3.45,0.560,71.5,52.1,47.9,WARNING,NORMAL
42000,4.20,0.780,75.0,63.4,36.6,WARNING,NORMAL
45000,5.35,1.150,82.5,76.8,23.2,CRITICAL,EMERGENCY_ALARM
48000,5.60,1.280,83.8,80.2,19.8,CRITICAL,EMERGENCY_ALARM
51000,5.85,1.420,85.1,83.9,16.1,CRITICAL,EMERGENCY_ALARM
54000,6.10,1.560,86.0,87.4,12.6,CRITICAL,EMERGENCY_ALARM
